{
  "Component-dbg.js": 1614751893359,
  "Component.js": 1614751893359,
  "model/models.js": 1614751893359,
  "controller/Suppliers.controller.js": 1614751893363,
  "manifest.json": 1614754267020,
  "manifest-bundle.zip": 1614754266851,
  "Component-preload.js": 1614754266999,
  "controller/Suppliers-dbg.controller.js": 1614751893363,
  "model/models-dbg.js": 1614751893359,
  "i18n/i18n.properties": 1614751893359,
  "resources.json": 1614754267022,
  "view/Suppliers.view.xml": 1614753359672,
  "css/style.css": 1614751893359,
  "index.html": 1614751893359
}